id,date,total_trades_closed,winning_trades,losing_trades,net_pnl_usd,net_pnl_sol,updated_at
4,2026-09-06,0,0,0,0,0,2026-09-06 16:55:01
5,2026-09-07,0,0,0,0,0,2026-09-07 16:55:01
6,2026-09-08,0,0,0,0,0,2026-09-08 16:55:00
7,2026-09-09,0,0,0,0,0,2026-09-09 16:55:00
8,2026-09-10,0,0,0,0,0,2026-09-10 16:55:00
9,2026-09-11,1,1,0,9.48894569054618,0.09285591242338957,2026-09-11 16:55:00
10,2026-09-12,1,1,0,9.661988401170516,0.09472537648206389,2026-09-12 16:55:00
11,2026-09-13,3,3,0,29.991633734966005,0.2977428148016083,2026-09-13 16:55:00
12,2026-09-14,2,1,1,-6.024578335138184,-0.058633365792099115,2026-09-14 16:55:00
13,2026-09-15,0,0,0,0,0,2026-09-15 16:55:01
14,2026-09-16,0,0,0,0,0,2026-09-16 16:55:01
15,2026-09-17,0,0,0,0,0,2026-09-17 16:55:01
16,2026-09-18,0,0,0,0,0,2026-09-18 16:55:00
17,2026-09-19,0,0,0,0,0,2026-09-19 16:55:00
